[
  {
    "id": "123",
    "title": "Course 1",
    "modules": [
      {
        "id": "m1",
        "title": "Module 1 1",
        "lessons": [
          {
            "id": "l1",
            "title": "Lesson 1 1 1",
            "topics": [
              {
                "id": "t1",
                "title": "Topic 1 1 1 1"
              },
              {
                "id": "t2",
                "title": "Topic 1 1 1 2"
              }
            ]
          },
          {
            "id": "l2",
            "title": "Lesson 1 1 2",
            "topics": [
              {
                "id": "a",
                "title": "Topic 1 1 2 1"
              },
              {
                "id": "b",
                "title": "Topic 1 1 2 2"
              }
            ]
          },
          {
            "id": "l3",
            "title": "Lesson 1 1 3",
            "topics": [
              {
                "id": "a",
                "title": "Topic 1 1 3 1"
              },
              {
                "id": "b",
                "title": "Topic 1 1 3 2"
              }
            ]
          }
        ]
      },
      {
        "id": "m2",
        "title": "Module 1 2",
        "lessons": [
          {
            "id": "l1",
            "title": "Lesson 1 2 1",
            "topics": [
              {
                "id":"t1",
                "title": "Topic 1 2 1 1"}
            ]
          },
          {
            "id": "l2",
            "title": "Lesson 1 2 2",
            "topics": [
              {
                "id":"t1",
                "title": "Topic 1 2 2 1"}
            ]
          }
        ]
      }
    ]
  },
  {
    "id": "234",
    "title": "Course 2",
    "modules": [
      {
        "id": "345",
        "title": "Module 2 1",
        "lessons": [
          {
            "id": "567",
            "title": "Lesson 2 1 1",
            "topics": []
          },
          {
            "id": "678",
            "title": "Lesson 2 1 2",
            "topics": []
          }
        ]
      },
      {
        "id": "456",
        "title": "Module 2 2",
        "lessons": [ ]
      }
    ]
  },
  {
    "id": "345",
    "title": "Course 3",
    "modules": [
      {
        "id": "567",
        "title": "Module 3 1",
        "lessons": []
      },
      {
        "id": "678",
        "title": "Module 3 2",
        "lessons": []
      }
    ]
  },
  {
    "id": "456",
    "title": "Course 4",
    "modules": []
  }

]